{
  "feat_names": [
    "sentence_lengths",
    "punctuation_cadence",
    "semantic_drift",
    "function_words",
    "punctuation_fano"
  ],
  "scaler_mean": [
    0.5,
    0.5,
    0.5,
    0.020730702644555853,
    0.29259259259259257
  ],
  "scaler_scale": [
    1.0,
    1.0,
    1.0,
    0.04635526033456154,
    0.15994683616066063
  ],
  "global_threshold": 0.595039211974296,
  "buckets": {
    "genre=chokepoints": null,
    "genre=cybersecurity": null,
    "genre=joyce": null,
    "lenbin=short": {
      "n": 6,
      "roc_auc": 0.7777777777777778,
      "pr_auc": 0.8666666666666667,
      "threshold": 0.595039211974296
    }
  },
  "use_surrogates": true,
  "dfa_only": true,
  "presence_mode": "gap",
  "targets": null,
  "window": 128,
  "min_rs_points": 500,
  "max_sents": 5000,
  "include_presence": false,
  "prefer_delta": true
}